Cognome,Nome,ID,Track
Riccaboni,Massimo,6603650921,AXES
Bilancini,Ennio,24175889200,AXES
Lattanzi,Nicola,56136055200,AXES
Crimaldi,Irene,55965999400,AXES
Gnecco,Giorgio,22953696000,AXES
Rungi,Armando,56400879400,AXES
Serti,Francesco,26022647900,AXES
Di Guida,Sibilla,55357030300,AXES
Marzi,Giacomo,57188549922,AXES
Bemporad,Alberto,7005030586,DYSCO
Zanon,Mario,55375650900,DYSCO
Villanueva,Mario,55263744900,DYSCO
Catoni,Maria Luisa,57189793311,LYNX
Bertelli,Linda,57192949225,LYNX
Casini,Lorenzo,15080701600,LYNX
Olivito,Riccardo,56543334500,LYNX
Pavan,Ilaria,37106881900,LYNX
Pellegrini,Emanuele,41862211100,LYNX
Tonga Uriarte,Yesim,56495442400,LYNX
Paggi,Marco,35148174600,MUSAM
Mola,Andrea,6603644520,MUSAM
Lenarda,Pietro,57189370852,MUSAM
Garlaschelli,Diego,6603265005,NETWORKS
Squartini,Tiziano,36912065800,NETWORKS
Facchini,Angelo,7102434045,NETWORKS
Gili,Tommaso,13310221100,NETWORKS
Iba√±ez Berganza,Miguel,54974028100,NETWORKS
Mastrandrea,Rossana,56150284600,NETWORKS
Perna,Andrea,16199989700,NETWORKS
Bertolacci,Amos,26034043200,PHIBOR
Di Vincenzo,Silvia,56790157000,PHIBOR
De Nicola,Rocco,7004298169,SYSMA
Tribastone,Mirco,15123357400,SYSMA
Prinetto,Paolo,7005222576,SYSMA
Costa,Gabriele,32067717500,SYSMA
Galletta,Letterio,55260418300,SYSMA
Pinelli,Fabio,57223750427,SYSMA
Incerto,Emilio,56815042800,SYSMA
Soderi,Simone,56027760800,SYSMA
Pietrini,Pietro,7005057128,MOMILAB
Ricciardi,Emiliano,8565770200,MOMILAB
Cevolani,Gustavo,40460910700,MOMILAB
Bernardi,Giulio,54988409300,MOMILAB
Cecchetti,Luca,56625136900,MOMILAB
Bottari,Davide,24365931900,MOMILAB
Betta,Monica,55904308300,MOMILAB